model,r1,r2,r3,r4,optimal
monkeyW,1,2,3,5,100.000000
monkeyW,1,2,4,5,73.816799
monkeyW,0,1,2,5,78.234210
monkeyW,0,1,4,5,79.570527
