model,r1,r2,r3,r4,optimal
cowW,0,2,4,5,100.000000
cowW,1,2,4,5,53.770057
