model,r1,r2,r3,r4,optimal
rosesW,0,2,3,5,100.000000
rosesW,0,1,4,5,77.285277
rosesW,2,3,4,5,78.583026
