model,r1,r2,r3,r4,optimal
teapot,1,2,4,4,100.000000
teapot,3,3,4,4,53.083839
teapot,3,4,4,4,37.403245
