model,r1,r2,r3,r4,optimal
cowW,1,2,3,4,100.000000
cowW,4,4,4,4,33.283081
