model,r1,r2,r3,r4,optimal
cowW,0,1,2,4,100.000000
cowW,3,4,5,5,36.308886
