model,r1,r2,r3,r4,optimal
pumpkin,0,1,2,5,100.000000
pumpkin,0,0,3,4,95.942192
pumpkin,0,3,4,5,94.694598
