model,r1,r2,r3,r4,optimal
cow,0,0,0,5,100.000000
cow,2,3,4,5,34.256742
cow,3,3,4,5,35.768764
