model,r1,r2,r3,r4,optimal
roses,0,4,5,5,100.000000
roses,3,4,5,5,70.193649
