model,r1,r2,r3,r4,optimal
monkeyW,1,1,3,4,100.000000
monkeyW,1,2,5,5,73.462285
monkeyW,1,3,4,5,77.352865
