model,r1,r2,r3,r4,optimal
cowW,0,2,3,5,100.000000
cowW,5,5,5,5,33.881944
cowW,2,2,3,5,37.294032
