model,r1,r2,r3,r4,optimal
cow,0,2,3,5,100.000000
cow,3,4,5,5,36.127428
