model,r1,r2,r3,r4,optimal
monkey,1,3,4,5,100.000000
monkey,4,4,5,5,36.529544
monkey,3,4,5,5,39.485986
monkey,4,4,5,5,44.269012
