model,r1,r2,r3,r4,optimal
cow,0,2,3,5,100.000000
cow,2,3,4,5,33.915188
cow,3,3,3,5,36.075505
