model,r1,r2,r3,r4,optimal
roses,1,3,4,5,100.000000
roses,3,3,5,5,52.478921
