model,r1,r2,r3,r4,optimal
monkeyW,1,2,3,5,100.000000
monkeyW,2,3,4,4,76.279135
monkeyW,3,4,4,5,75.139648
