model,r1,r2,r3,r4,optimal
cowW,0,1,3,4,100.000000
cowW,2,3,3,5,56.368373
cowW,2,3,3,5,58.835700
