model,r1,r2,r3,r4,optimal
pumpkinW,0,0,2,3,100.000000
pumpkinW,1,3,3,4,93.346932
pumpkinW,0,0,1,4,96.771217
pumpkinW,0,0,0,5,98.485254
