model,r1,r2,r3,r4,optimal
teapot,0,1,4,5,100.000000
teapot,4,4,4,5,53.842415
teapot,4,4,4,5,56.564511
