model,r1,r2,r3,r4,optimal
cow,0,1,3,4,100.000000
cow,2,4,4,5,36.441382
