model,r1,r2,r3,r4,optimal
roses,0,0,3,4,100.000000
roses,2,2,2,3,63.860316
roses,3,3,4,5,37.294332
