model,r1,r2,r3,r4,optimal
cow,0,2,4,5,100.000000
cow,2,3,5,5,36.264760
