model,r1,r2,r3,r4,optimal
monkeyW,1,3,4,5,100.000000
monkeyW,2,3,4,4,56.505790
monkeyW,3,4,4,5,77.661071
