model,r1,r2,r3,r4,optimal
cowW,0,3,4,5,100.000000
cowW,0,3,4,5,76.358336
cowW,3,3,4,5,75.494170
