model,r1,r2,r3,r4,optimal
monkey,1,2,3,4,100.000000
monkey,3,4,4,4,33.272933
monkey,2,4,4,4,27.663863
