model,r1,r2,r3,r4,optimal
cow,0,4,4,5,100.000000
cow,2,3,3,4,33.458692
