model,r1,r2,r3,r4,optimal
roses,0,2,4,5,100.000000
roses,2,4,4,4,54.353469
roses,2,2,2,5,62.179181
roses,4,5,5,5,55.272241
