model,r1,r2,r3,r4,optimal
cowW,1,2,3,4,100.000000
cowW,3,4,5,5,56.724474
cowW,3,3,4,5,53.737534
