model,r1,r2,r3,r4,optimal
rosesW,0,0,2,3,100.000000
rosesW,1,2,2,3,100.000000
