model,r1,r2,r3,r4,optimal
monkey,0,1,1,4,100.000000
monkey,0,1,3,4,96.073779
monkey,2,3,4,5,93.589767
monkey,3,3,4,5,95.645669
