model,r1,r2,r3,r4,optimal
cow,1,2,4,4,100.000000
cow,4,4,4,5,36.951885
