model,r1,r2,r3,r4,optimal
roses,0,0,3,4,100.000000
roses,0,0,0,0,100.000000
roses,0,0,0,2,34.173408
roses,2,2,3,4,53.902336
