model,r1,r2,r3,r4,optimal
monkey,3,3,4,5,100.000000
monkey,3,4,4,5,76.954989
monkey,3,3,4,5,90.105353
monkey,3,3,4,5,92.174967
