model,r1,r2,r3,r4,optimal
teapot,0,3,4,5,100.000000
teapot,2,3,4,5,56.407895
teapot,3,4,4,5,59.353449
