model,r1,r2,r3,r4,optimal
roses,1,3,4,5,100.000000
roses,2,3,4,5,56.344266
roses,2,3,4,5,77.190322
