model,r1,r2,r3,r4,optimal
monkeyW,2,3,4,5,100.000000
monkeyW,0,3,4,5,96.695707
monkeyW,0,3,4,5,95.771934
