model,r1,r2,r3,r4,optimal
cowW,0,3,4,5,100.000000
cowW,2,3,4,5,73.623171
cowW,2,3,4,5,75.836970
cowW,3,4,5,5,77.704171
