model,r1,r2,r3,r4,optimal
roses,1,2,2,3,100.000000
roses,2,2,2,3,58.704638
roses,3,3,3,4,61.648468
roses,3,3,4,5,65.150515
