model,r1,r2,r3,r4,optimal
monkeyW,1,2,2,4,100.000000
monkeyW,3,3,4,4,73.511197
monkeyW,3,4,4,5,78.987625
