model,r1,r2,r3,r4,optimal
teapotW,0,1,2,5,100.000000
teapotW,3,4,4,5,54.002667
teapotW,3,3,4,5,54.550290
