model,r1,r2,r3,r4,optimal
teapot,0,1,3,4,100.000000
teapot,1,2,3,4,53.641860
teapot,2,3,3,5,59.571498
teapot,2,2,4,5,65.129749
