model,r1,r2,r3,r4,optimal
cow,0,1,2,4,100.000000
cow,3,3,3,4,73.754286
cow,3,4,4,5,76.261991
