model,r1,r2,r3,r4,optimal
roses,1,1,2,4,100.000000
roses,3,3,3,3,64.181143
roses,2,2,3,3,63.977146
roses,2,2,3,4,63.607265
roses,2,3,3,5,64.122616
