model,r1,r2,r3,r4,optimal
teapotW,0,2,3,3,100.000000
teapotW,3,3,3,4,72.797904
teapotW,3,4,4,5,71.163759
