model,r1,r2,r3,r4,optimal
cowW,0,2,3,4,100.000000
cowW,3,4,4,5,76.526611
