model,r1,r2,r3,r4,optimal
monkey,2,3,4,5,100.000000
monkey,3,4,4,5,73.283254
monkey,3,3,4,5,66.161506
