model,r1,r2,r3,r4,optimal
teapot,0,2,4,5,100.000000
teapot,2,3,4,4,56.248403
teapot,3,4,4,5,53.494976
