model,r1,r2,r3,r4,optimal
cow,0,2,2,3,100.000000
cow,2,3,3,4,56.942750
cow,1,2,3,4,57.241226
