model,r1,r2,r3,r4,optimal
roses,0,2,3,4,100.000000
roses,2,3,4,5,55.463039
