model,r1,r2,r3,r4,optimal
pumpkin,0,3,4,5,100.000000
pumpkin,2,3,4,5,73.616788
pumpkin,2,3,4,5,77.283181
