model,r1,r2,r3,r4,optimal
rosesW,2,3,4,5,100.000000
rosesW,3,4,4,5,75.321654
rosesW,3,4,4,5,74.223018
