model,r1,r2,r3,r4,optimal
monkey,3,4,5,5,100.000000
monkey,3,3,4,5,52.352056
monkey,5,5,5,5,58.955532
