model,r1,r2,r3,r4,optimal
teapot,0,4,4,5,100.000000
teapot,3,3,4,5,56.446158
teapot,4,5,5,5,38.208117
