model,r1,r2,r3,r4,optimal
monkeyW,2,2,4,5,100.000000
monkeyW,4,4,5,5,96.502898
monkeyW,0,1,1,5,99.276986
