model,r1,r2,r3,r4,optimal
cow,0,2,2,3,100.000000
cow,2,2,3,3,36.970149
