model,r1,r2,r3,r4,optimal
cow,0,2,3,5,100.000000
cow,4,4,4,5,33.835017
cow,4,4,4,5,36.300245
cow,4,4,4,5,40.255265
cow,4,4,4,5,39.390435
