model,r1,r2,r3,r4,optimal
roses,1,3,4,5,100.000000
roses,4,4,4,5,55.463039
roses,4,4,4,5,64.747574
