model,r1,r2,r3,r4,optimal
roses,1,2,2,3,100.000000
roses,2,3,3,3,75.699144
roses,2,2,3,3,75.365893
