model,r1,r2,r3,r4,optimal
cowW,0,3,3,4,100.000000
cowW,4,4,4,5,56.723492
cowW,3,4,4,5,60.208943
