model,r1,r2,r3,r4,optimal
pumpkinW,0,1,2,4,100.000000
pumpkinW,3,4,4,5,73.742675
pumpkinW,3,4,5,5,79.498233
pumpkinW,3,4,5,5,86.351299
