model,r1,r2,r3,r4,optimal
monkey,0,3,4,5,100.000000
monkey,4,4,4,5,33.513372
monkey,4,4,4,5,39.451282
monkey,4,4,5,5,42.925841
