model,r1,r2,r3,r4,optimal
roses,0,2,4,5,100.000000
roses,4,4,4,5,37.803862
