model,r1,r2,r3,r4,optimal
pumpkin,1,4,5,5,100.000000
pumpkin,4,4,4,5,53.069068
pumpkin,4,4,5,5,72.738199
